Código,Dep.,Disciplina,NC,Natureza,Pré-Req.,Co-Req.
,,1º Termo,,,,
5100A,MAT,Funções Elementares,04,Semestral,,
5101A,MAT,Matrizes e Cálculo Vetorial,04,Semestral,,
5102A,MAT,Educação Matemática Inclusiva e Libras,04,Semestral,,
5103A,MAT,Geometria Plana,04,Semestral,,
5141A,EDU,Fundamentos da Educação,04,Semestral,,
,,Total,20,,,
,,2º Termo,,,,
5105A,MAT,Cálculo Diferencial e Integral I,04,Semestral,,
5106A,MAT,Geometria Analítica,04,Semestral,,
5107A,MAT,Educação Financeira,04,Semestral,,
5108A,MAT,Matemática para a escola básica: geometria plana,04,Semestral,,
5142A,EDU,Prática de Ensino de Matemática I,04,Semestral,,
,,Total,20,,,
,,3º Termo,,,,
5110A,MAT,Cálculo Diferencial e Integral II,04,Semestral,5105A,
5111A,MAT,Álgebra Linear,04,Semestral,5101A,
5112A,EDU,Fundamentos da Educação Matemática,04,Semestral,,
5113A,MAT,Lógica Matemática e Computacional,04,Semestral,,
5114A,EDU,Prática de Ensino de Matemática II,04,Semestral,,
5143A,EDU,Projetos Interdisciplinares I,06,Semestral,5142A,
,,Total,26,,,
,,4º Termo,,,,
5116A,MAT,Cálculo Diferencial e Integral III,04,Semestral,5105A,
5117A,MAT,Equações Diferenciais Ordinárias,04,Semestral,5110A,
5144A,MAT,Matemática para a escola básica: números e funções,04,Semestral,,
5119A,MAT,Geometria Espacial,04,Semestral,,
5120A,EDU,Psicologia da Educação,04,Semestral,,
,,Total,20,,,
,,5º Termo,,,,
5121A,MAT,Cálculo Diferencial e Integral IV,04,Semestral,5110A,
5122A,ARG,Desenho Geométrico e Geom. Descritiva,04,Semestral,,
5123A,EDU,Didática da Matemática,04,Semestral,,
8100A,EDU,Prática de Ensino de Matemática III,02,Anual,5114A,8101A
8101A,EDU,Estágio Curricular Supervisionado I,06,Anual,,8100A
5124A,MAT,Estruturas Algébricas I,04,Semestral,,
5145A,MAT,Projetos Interdisciplinares II,04,Semestral,5142A,
,,Total,28,,,
,,6º Termo,,,,
5126A,MAT,Funções de Variável Complexa,04,Semestral,5110A,
5127A,MAT,Cálculo Numérico Computacional,04,Semestral,5110A/5113A,
5128A,MAT,Estruturas Algébricas II,04,Semestral,,
5146A,MAT,TDIC em Educação Matemática,04,Semestral,,
8100A,EDU,Prática de Ensino de Matemática III,02,Anual,5114A,8101A
8101A,EDU,Estágio Curricular Supervisionado I,07,Anual,,8100A
5130A,MAT,Metodologias para a Pesquisa Educacional,04,Semestral,,
,,Total,29,,,
,,7º Termo,,,,
5131A,MAT,Análise Real para a Licenciatura,04,Semestral,5110A,
5132A,FIS,Física Geral,04,Semestral,5110A,
5133A,MAT,Tratamento da Informação e Probabilidade I,04,Semestral,,
5134A,MAT,Tendências em Educação Matemática,04,Semestral,,
8102A,EDU,Prática de Ensino de Matemática IV,02,Anual,8100A,5147A
5147A,EDU,Estágio Curricular Supervisionado II,07,Anual,8101A,8102A
5135A,MAT,TCC I,04,Semestral,5130A,
,,Total,29,,,
,,8º Termo,,,,
5136A,MAT,Espaços Métricos,04,Semestral,5124A,
5148A,MAT,Abordagens para o ensino de Matemática,04,Semestral,,
5138A,MAT,Tratamento da Informação e Probabilidade II,04,Semestral,5110A,
5139A,EDU,Política Educacional Brasileira,04,Semestral,,
8102A,EDU,Prática de Ensino de Matemática IV,02,Anual,8100A,5147A
5147A,EDU,Estágio Curricular Supervisionado II,07,Anual,8101A,8102A
5140A,MAT,TCC II,04,Semestral,5135A,
,,Total,29
